{"cameraMode":{"drawMode":0,"name":"Shaded","section":"Shading Mode"},"sceneLighting":true,"audioPlay":false,"sceneViewState":{"m_AlwaysRefresh":false,"showFog":true,"showSkybox":true,"showFlares":true,"showImageEffects":true,"showParticleSystems":true,"showVisualEffectGraphs":true,"m_FxEnabled":true},"in2DMode":false,"pivot":{"x":15.642455101013184,"y":0.034532636404037479,"z":0.321207195520401},"rotation":{"x":0.0009980449685826898,"y":0.021612413227558137,"z":0.00010496870527276769,"w":-0.9998578429222107},"size":5.221282958984375,"orthographic":false}